Model,MAE,MSE,R2 Score
Random Forest,0.02,0.0006000000000000001,0.9968
Linear Regression,0.16414745541539788,0.03579471193387213,0.8090948696860153
K-Nearest Neighbors,0.30000000000000004,0.12000000000000002,0.3599999999999999
Support Vector Regressor,0.06458384293298994,0.004686547063899663,0.9750050823258685
